{"metadata":{"X-Parsed-By":["org.apache.tika.parser.DefaultParser","org.apache.tika.parser.image.ImageParser"],"Transparency Alpha":["none"],"pHYs":["pixelsPerUnitXAxis\u003d11811, pixelsPerUnitYAxis\u003d11811, unitSpecifier\u003dmeter"],"tiff:ImageLength":["2479"],"Compression CompressionTypeName":["deflate"],"Dimension PixelAspectRatio":["1.0"],"Data BitsPerSample":["8 8 8"],"Data PlanarConfiguration":["PixelInterleaved"],"Dimension VerticalPixelSize":["0.08466683"],"IHDR":["width\u003d3508, height\u003d2479, bitDepth\u003d8, colorType\u003dRGB, compressionMethod\u003ddeflate, filterMethod\u003dadaptive, interlaceMethod\u003dnone"],"Compression NumProgressiveScans":["1"],"Dimension HorizontalPixelSize":["0.08466683"],"Chroma ColorSpaceType":["RGB"],"Chroma BlackIsZero":["true"],"Compression Lossless":["true"],"width":["3508"],"Dimension ImageOrientation":["Normal"],"tiff:BitsPerSample":["8 8 8"],"tiff:ImageWidth":["3508"],"Chroma NumChannels":["3"],"Data SampleFormat":["UnsignedIntegral"],"Content-Type":["image/png"],"height":["2479"]}}